age_group,residual_error,num_anchors,scale
2,0.0,46,1.0
3,0.21703629195690155,46,65.44873809814453
4,0.25061196088790894,46,51.115882873535156
5,0.22817228734493256,46,42.487403869628906
6,0.23525427281856537,46,34.96999740600586
7,0.2380175143480301,46,33.3183708190918
8,0.22072899341583252,46,34.806495666503906
