age_from,age_to,k,k_eff,mean_stability,median_stability,min_stability,num_nodes_all,num_nodes_non_iso,coverage,isolate_frac_from,isolate_frac_to,low_n_warning
1,2,25,25,0.3869046223741909,0.35135135135135137,0.21951219512195122,1080,55,0.0509,0.8741,0.9083,False
2,3,25,25,0.41364830762732996,0.47058823529411764,0.02040816326530612,1080,74,0.0685,0.9083,0.8778,False
3,4,25,25,0.5698952030743494,0.5625,0.06382978723404255,1080,128,0.1185,0.8778,0.8074,False
4,5,25,25,0.44746615715443455,0.42857142857142855,0.02040816326530612,1080,200,0.1852,0.8074,0.713,False
5,6,25,25,0.42062118675273186,0.42857142857142855,0.0,1080,294,0.2722,0.713,0.6611,False
6,7,25,25,0.5005672141814336,0.47058823529411764,0.02040816326530612,1080,333,0.3083,0.6611,0.6537,False
7,8,25,25,0.4717469353145475,0.47058823529411764,0.0,1080,340,0.3148,0.6537,0.6676,False
