age_group,residual_error,num_anchors,scale
2,0.0,46,1.0
3,0.2102317188097083,46,59.51668930053711
4,0.24426263311634894,46,45.60224151611328
5,0.21975237390269403,46,37.20137023925781
6,0.22559539131496265,46,32.369720458984375
7,0.2264606641686481,46,30.078697204589844
8,0.21271276473999023,46,31.459014892578125
