age_group,num_anchors_non_iso,residual_per_anchor,low_anchor_warning
2,9,0.0,False
3,9,0.5224087834358215,True
4,9,0.6595370173454285,True
5,9,0.7393156886100769,True
6,9,0.8104627132415771,True
7,9,0.8302781581878662,True
8,9,0.8158357739448547,True
