age_group,num_anchors_non_iso,residual_per_anchor,low_anchor_warning
2,9,0.0,False
3,9,0.5655037032233344,True
4,9,0.7051909234788682,True
5,9,0.7823587523566352,True
6,9,0.8328004942999946,True
7,9,0.858144654168023,True
8,9,0.8410794470045302,True
