age_from,age_to,k,mean_stability,median_stability,min_stability,num_nodes
2,3,25,0.4022621316061038,0.3888888888888889,0.28205128205128205,46
3,4,25,0.4374118157271561,0.5151515151515151,0.16279069767441862,46
4,5,25,0.5417435314835575,0.6129032258064516,0.19047619047619047,46
5,6,25,0.6895347672699098,0.6954022988505747,0.21951219512195122,46
6,7,25,0.6118874848157636,0.6129032258064516,0.28205128205128205,46
7,8,25,0.6558777909255141,0.6666666666666666,0.3157894736842105,46
