age,age_range,auc,auc_std,n_splits,spearman_r,n_edges,n_safe,n_held_out,two_hop_pool,n_neg,used_fallback,auc_shuffled
2,10-19,,,0,,6,0,0,0,0,False,
3,20-29,,,0,-0.14201680672268907,35,30,0,0,0,False,
4,30-39,0.6530612244897959,0.09462876015811941,3,0.49126822544544063,78,71,14,136,14,False,
5,40-49,0.5869996036464528,0.0587780417341788,3,0.3223949042844743,152,147,29,254,29,False,
6,50-59,0.6662049861495846,0.12728448964189235,3,0.4711752793819846,200,192,38,385,38,False,
7,60-69,0.7824192176870749,0.05773317958696689,3,0.3647674786295987,285,282,56,422,56,False,
8,70-79,0.7550234544563468,0.05019099302320932,3,0.45879962019623194,346,346,69,503,69,False,0.44675488342785125
