age_group,residual_error,num_anchors,scale
2,0.0,46,1.0
3,0.22128696739673615,46,73.9728775024414
4,0.2380201518535614,46,66.08943939208984
5,0.24317386746406555,46,59.668087005615234
6,0.2420845478773117,46,53.278648376464844
7,0.24188435077667236,46,46.78756332397461
8,0.24037350714206696,46,44.15816116333008
