age_group,num_anchors_non_iso,residual_per_anchor,low_anchor_warning
2,14,0.0,False
3,13,0.5100053548812866,True
4,14,0.554166316986084,True
5,14,0.5814147591590881,True
6,14,0.61473548412323,True
7,14,0.6463825106620789,True
8,14,0.6627156138420105,True
