age_group,residual_error,num_anchors,scale
2,0.0,46,1.0
3,0.20343651978865915,46,62.17325210571289
4,0.22076644068178924,46,57.623409271240234
5,0.22807338963384213,46,51.746463775634766
6,0.23051330317621646,46,46.69135665893555
7,0.23252547305563223,46,44.83451843261719
8,0.2301775890847911,46,37.07599639892578
