age_group,num_anchors_non_iso,residual_per_anchor,low_anchor_warning
2,14,0.0,False
3,13,0.5161745548248291,True
4,14,0.5541636943817139,True
5,14,0.5892412066459656,True
6,14,0.6152652502059937,True
7,14,0.6495494842529297,True
8,14,0.6772632598876953,True
