age,age_range,auc,auc_std,n_splits,spearman_r,n_edges,n_safe,n_held_out,two_hop_pool,n_neg,used_fallback,auc_shuffled
2,10-19,,,0,-0.5515151515151515,10,0,0,0,0,False,
3,20-29,,,0,0.2882591093117409,39,35,0,0,0,False,
4,30-39,0.6028645833333334,0.07509307737133446,3,0.26148210250054676,87,81,16,170,16,False,
5,40-49,0.7272135416666666,0.056866542387599577,3,0.4436908094208878,168,163,32,289,32,False,
6,50-59,0.6511241889240984,0.017842991898933392,3,0.5232885457957759,242,237,47,323,47,False,
7,60-69,0.720920466952213,0.03975550331868802,3,0.43516989763890335,322,317,63,417,63,False,
8,70-79,0.604393477524556,0.03199173560259535,3,0.34335182215989596,421,419,83,413,83,False,0.5028305995064595
