age_group,residual_error,num_anchors,scale
1,0.0,1080,1.0
2,0.046768441796302795,1080,969.3062133789062
3,0.050248194485902786,1080,811.8665771484375
4,0.05604556202888489,1080,807.644287109375
5,0.0574621707201004,1080,866.017822265625
6,0.05795494094491005,1080,821.9969482421875
7,0.057527441531419754,1080,709.0565795898438
8,0.056235019117593765,1080,651.3263549804688
