age_group,num_anchors_non_iso,residual_per_anchor,low_anchor_warning
1,136,0.0,False
2,55,0.30114933360706675,False
3,50,0.3022066307067871,False
4,56,0.27944423471178326,False
5,74,0.24640031763025233,False
6,78,0.2743381353525015,False
7,74,0.2463519895398939,False
8,70,0.2635052272251674,False
