age,age_range,auc,auc_std,n_splits,spearman_r,n_edges,n_safe,n_held_out,two_hop_pool,n_neg,used_fallback,auc_shuffled
1,0-9,0.603820406278855,0.006940100176778323,3,0.5942278532460021,425,383,76,1316,76,False,
2,10-19,0.5125925925925926,0.039972555742909775,3,0.5765817070629904,120,76,15,195,15,False,
3,20-29,0.6098255606977573,0.0007690448200318026,3,0.6980558042575856,312,267,53,834,53,False,
4,30-39,0.6756647763074984,0.01814842817488855,3,0.7217960622030913,631,576,115,3379,115,False,
5,40-49,0.6400929048469219,0.016820968539889656,3,0.750024470421832,1489,1424,284,13496,284,False,
6,50-59,0.6159132951687353,0.015155569567367059,3,0.720853918698509,2456,2393,478,23455,478,False,
7,60-69,0.652097925589989,0.011369981924585514,3,0.691042633690782,3224,3152,630,29331,630,False,
8,70-79,0.6337892671465223,0.010562652669109947,3,0.6309499760718899,3663,3595,719,33787,719,False,0.5021249185141625
