node,mean_drift
F20,3.1340534005846297
M51,2.9995576313563754
K08,2.9974719839436665
D40,2.9974557108112743
C73,2.9684779718518257
C77,2.943931025053774
C78,2.9379998881902014
M67,2.891350814274379
M23,2.8466786316462924
M54,2.8456205981118337
M22,2.8420799459729875
M93,2.829575352370739
N45,2.8166519328951836
M24,2.807184934616089
H90,2.7930640322821483
M65,2.7801099164145335
E89,2.72879501751491
N23,2.711169259888785
N20,2.694556406566075
K50,2.6942942227636064
