age_from,age_to,k,k_eff,mean_stability,median_stability,min_stability,num_nodes_all,num_nodes_non_iso,coverage,isolate_frac_from,isolate_frac_to,low_n_warning
1,2,25,25,0.41561467111669453,0.42857142857142855,0.08695652173913043,131,59,0.4504,0.4885,0.4122,False
2,3,25,25,0.4472286357510109,0.42857142857142855,0.1111111111111111,131,70,0.5344,0.4122,0.3588,False
3,4,25,25,0.4729824635955634,0.47058823529411764,0.08695652173913043,131,81,0.6183,0.3588,0.2748,False
4,5,25,25,0.5095090548773329,0.5151515151515151,0.16279069767441862,131,93,0.7099,0.2748,0.2366,False
5,6,25,25,0.5193855322018843,0.5151515151515151,0.3157894736842105,131,99,0.7557,0.2366,0.2061,False
6,7,25,25,0.4893456387959529,0.5151515151515151,0.16279069767441862,131,104,0.7939,0.2061,0.1679,False
7,8,25,25,0.4823880618124385,0.47058823529411764,0.1111111111111111,131,108,0.8244,0.1679,0.1374,False
