age_group,num_anchors_non_iso,residual_per_anchor,low_anchor_warning
1,136,0.0,False
2,55,0.3027540147304535,False
3,50,0.28899121284484863,False
4,56,0.2617263197898865,False
5,74,0.25157400965690613,False
6,78,0.2656204402446747,False
7,74,0.2581021189689636,False
8,70,0.26822957396507263,False
