age_from,age_to,mean_drift,median_drift,max_drift,num_nodes_all,num_nodes_non_iso,coverage,isolate_frac_from,isolate_frac_to
1,2,2.1172012545845726,2.062415599822998,3.8720333576202393,1080,55,0.0509,0.8741,0.9083
2,3,2.5523713939898722,2.329375982284546,4.875295162200928,1080,74,0.0685,0.9083,0.8778
3,4,1.9779759454540908,1.8672876954078674,4.399417400360107,1080,128,0.1185,0.8778,0.8074
4,5,2.3814867162704467,2.2592620849609375,5.474344730377197,1080,200,0.1852,0.8074,0.713
5,6,2.19572166459901,2.1245057582855225,5.501771926879883,1080,294,0.2722,0.713,0.6611
6,7,2.0699311047344953,2.0588338375091553,5.347543239593506,1080,333,0.3083,0.6611,0.6537
7,8,1.9977181199718923,1.96662175655365,5.3190226554870605,1080,340,0.3148,0.6537,0.6676
