age_group,residual_error,num_anchors,scale
1,0.0,131,1.0
2,0.14369510114192963,131,310.551025390625
3,0.15799351036548615,131,281.4070739746094
4,0.1589488983154297,131,231.18246459960938
5,0.15096551179885864,131,227.7991943359375
6,0.14374388754367828,131,223.5409393310547
7,0.14446039497852325,131,225.404052734375
8,0.14284726977348328,131,218.5484619140625
