age_group,num_anchors_non_iso,residual_per_anchor,low_anchor_warning
1,67,0.0,False
2,59,0.2019982486963272,False
3,55,0.21829766035079956,False
4,54,0.21618670225143433,False
5,58,0.21836917102336884,False
6,61,0.2125077098608017,False
7,63,0.21206793189048767,False
8,64,0.21201425790786743,False
