age_group,num_anchors_non_iso,residual_per_anchor,low_anchor_warning
1,67,0.0,False
2,59,0.17656054739224708,False
3,55,0.23222179412841798,False
4,54,0.19194069615116827,False
5,58,0.19571476969225654,False
6,61,0.19566015337334305,False
7,63,0.19196529993935238,False
8,64,0.1936168521642685,False
