age,age_range,auc,auc_std,n_splits,spearman_r,n_edges,n_safe,n_held_out,two_hop_pool,n_neg,used_fallback,auc_shuffled
1,0-9,0.6087408949011447,0.03918453773936053,3,0.5448269123906181,170,156,31,409,31,False,
2,10-19,0.5019723865877712,0.07707780423072379,3,0.5930877056294808,152,133,26,347,26,False,
3,20-29,0.5833680410939887,0.03536732731966378,3,0.6455447869693363,263,248,49,747,49,False,
4,30-39,0.6707818930041153,0.04849856715406544,3,0.5479971136862616,420,406,81,1424,81,False,
5,40-49,0.7275286170013135,0.03588981200181792,3,0.47716472227697904,737,730,146,2045,146,False,
6,50-59,0.6858741552041332,0.040647064374201076,3,0.4146932612344517,945,939,187,2643,187,False,
7,60-69,0.66654492330168,0.00233614770954051,3,0.3615865756319272,1121,1114,222,2696,222,False,
8,70-79,0.6682368366739914,0.032993037168804834,3,0.38454114219069235,1446,1438,287,3014,287,False,0.40843035608056427
