age_from,age_to,k,k_eff,mean_stability,median_stability,min_stability,num_nodes_all,num_nodes_non_iso,coverage,isolate_frac_from,isolate_frac_to,low_n_warning
1,2,25,25,0.442145244666253,0.44957983193277307,0.35135135135135137,1080,42,0.0389,0.8972,0.8991,False
2,3,25,25,0.4734737770609351,0.47058823529411764,0.041666666666666664,1080,89,0.0824,0.8991,0.8593,False
3,4,25,25,0.4712394893925682,0.42857142857142855,0.0,1080,142,0.1315,0.8593,0.8148,False
4,5,25,25,0.5171339183277405,0.5151515151515151,0.08695652173913043,1080,188,0.1741,0.8148,0.7278,False
5,6,25,25,0.49028910919008084,0.47058823529411764,0.02040816326530612,1080,271,0.2509,0.7278,0.6917,False
6,7,25,25,0.46159236860758257,0.42857142857142855,0.0,1080,308,0.2852,0.6917,0.663,False
7,8,25,25,0.4076927672495211,0.3888888888888889,0.0,1080,350,0.3241,0.663,0.6444,False
