age_group,num_anchors_non_iso,residual_per_anchor,low_anchor_warning
1,111,0.0,False
2,42,0.32508912682533264,False
3,36,0.34891724586486816,False
4,41,0.2973801791667938,False
5,56,0.3020401895046234,False
6,62,0.2947434186935425,False
7,65,0.2988271117210388,False
8,68,0.3005942702293396,False
