age_group,residual_error,num_anchors,scale
1,0.0,1080,1.0
2,0.04161750652171947,1080,516.0306396484375
3,0.048127096670645256,1080,413.36920166015625
4,0.04860034518771701,1080,439.1081848144531
5,0.048980875368471496,1080,498.62860107421875
6,0.0490325927734375,1080,461.9171142578125
7,0.04982649838482892,1080,469.7777099609375
8,0.05111461568761755,1080,482.4805908203125
