age_group,num_anchors_non_iso,residual_per_anchor,low_anchor_warning
1,111,0.0,False
2,42,0.27592638560703825,False
3,36,0.323701196246677,False
4,41,0.2889088188729635,False
5,56,0.27300875527518137,False
6,62,0.258041012671686,False
7,65,0.2607109950138972,False
8,68,0.2730537863338695,False
