age_from,age_to,k,mean_stability,median_stability,min_stability,num_nodes
1,2,25,0.015271693760526851,0.0,0.0,1080
2,3,25,0.03620513518059723,0.0,0.0,1080
3,4,25,0.05898122171325343,0.02040816326530612,0.0,1080
4,5,25,0.07804058544842395,0.02040816326530612,0.0,1080
5,6,25,0.10303272153276313,0.02040816326530612,0.0,1080
6,7,25,0.10938556980800081,0.02040816326530612,0.0,1080
7,8,25,0.10649209840400813,0.02040816326530612,0.0,1080
