age,age_range,auc,auc_std,n_splits,spearman_r,n_edges,n_safe,n_held_out,two_hop_pool,n_neg,used_fallback,auc_shuffled
1,0-9,0.5769675925925926,0.03972296161386654,3,0.6288533863720716,278,240,48,785,48,False,
2,10-19,0.4489795918367347,0.13106235954025414,3,0.524268622275608,156,105,21,382,21,False,
3,20-29,0.6251077276644642,0.04795378621378509,3,0.6145758599436267,347,297,59,1041,59,False,
4,30-39,0.5819062305548793,0.04977234821438389,3,0.6888774506731866,607,559,111,2680,111,False,
5,40-49,0.6362372380101643,0.01403926454246056,3,0.7183371994539596,1352,1287,257,11008,257,False,
6,50-59,0.6811045364891518,0.00757939764523445,3,0.7052611378664594,2009,1951,390,21563,390,False,
7,60-69,0.6248328261341327,0.014075760722062241,3,0.6770893625058401,2642,2570,514,29673,514,False,
8,70-79,0.6325421351717972,0.02526791012366715,3,0.5924595298635733,4181,4105,821,37797,821,False,0.4942043584885786
