age_group,num_anchors_non_iso,residual_per_anchor,low_anchor_warning
1,72,0.0,False
2,57,0.18838360435084292,False
3,57,0.21775571923506887,False
4,60,0.14531613985697428,False
5,65,0.15068553044245794,False
6,68,0.15404173907111673,False
7,70,0.15328942707606724,False
8,67,0.15462421303364768,False
