age_group,residual_error,num_anchors,scale
1,0.0,131,1.0
2,0.1231541633605957,131,374.90277099609375
3,0.16400253772735596,131,311.336181640625
4,0.1475532054901123,131,272.9278869628906
5,0.13254277408123016,131,251.47576904296875
6,0.1326313465833664,131,235.8047637939453
7,0.13124693930149078,131,226.96343994140625
8,0.131526380777359,131,209.73812866210938
