age_group,num_anchors_non_iso,residual_per_anchor,low_anchor_warning
1,72,0.0,False
2,57,0.16941741108894348,False
3,57,0.21881040930747986,False
4,60,0.17218807339668274,False
5,65,0.1751461774110794,False
6,68,0.1780278980731964,False
7,70,0.17646478116512299,False
8,67,0.17919716238975525,False
