age_from,age_to,mean_drift,median_drift,max_drift,num_nodes_all,num_nodes_non_iso,coverage,isolate_frac_from,isolate_frac_to
1,2,1.177557445931853,1.038718819618225,2.8815739154815674,131,57,0.4351,0.4504,0.4809
2,3,1.7822237610816956,1.46833997964859,3.185070276260376,131,62,0.4733,0.4809,0.374
3,4,1.4055865593254566,1.2934635877609253,2.752196788787842,131,80,0.6107,0.374,0.2672
4,5,1.1094104694692712,1.068432331085205,2.4443392753601074,131,95,0.7252,0.2672,0.2137
5,6,0.985511450189175,0.9509813785552979,1.8007832765579224,131,101,0.771,0.2137,0.1679
6,7,0.8451603178037416,0.7807680368423462,1.9365932941436768,131,109,0.8321,0.1679,0.1527
7,8,0.8037458107584998,0.7541572451591492,1.7439980506896973,131,105,0.8015,0.1527,0.1908
