age_from,age_to,k,mean_stability,median_stability,min_stability,num_nodes
1,2,25,0.21805631814255275,0.16279069767441862,0.0,131
2,3,25,0.18731961303575995,0.16279069767441862,0.0,131
3,4,25,0.29524758400529455,0.28205128205128205,0.0,131
4,5,25,0.35544300191508416,0.3888888888888889,0.0,131
5,6,25,0.3863985069696116,0.42857142857142855,0.0,131
6,7,25,0.4199925719194914,0.47058823529411764,0.0,131
7,8,25,0.34882416268092364,0.3888888888888889,0.02040816326530612,131
