age,age_range,auc,auc_std,n_splits,spearman_r,n_edges,n_safe,n_held_out,two_hop_pool,n_neg,used_fallback,auc_shuffled
1,0-9,0.6945717062335138,0.04852139974261089,3,0.3684047893222834,253,246,49,643,49,False,
2,10-19,0.49794238683127573,0.01957438023707865,3,0.5251321707567269,115,92,18,223,18,False,
3,20-29,0.6316872427983539,0.033894063759450366,3,0.5935616308660713,203,183,36,509,36,False,
4,30-39,0.6479534483898698,0.05578803178600661,3,0.5357252364516915,373,357,71,1291,71,False,
5,40-49,0.6738880225736987,0.03431332350076597,3,0.48314324412720716,680,674,134,2154,134,False,
6,50-59,0.6915084968723993,0.004476182447994071,3,0.47887747251935575,974,969,193,2701,193,False,
7,60-69,0.702891624969547,0.014035930633046796,3,0.4487956711681742,1162,1155,231,2855,231,False,
8,70-79,0.7287139892578125,0.008609202969973367,3,0.4693996137891897,1290,1283,256,2674,256,False,0.384521484375
